created_date,complaint_type,count
2020-01-05,HEAT/HOT WATER,3198
2020-01-05,NOISE - RESIDENTIAL,3782
2020-01-05,NOISE - STREET/SIDEWALK,553
2020-01-05,RODENT,266
2020-01-12,HEAT/HOT WATER,5255
2020-01-12,NOISE - RESIDENTIAL,4264
2020-01-12,NOISE - STREET/SIDEWALK,865
2020-01-12,RODENT,466
2020-01-19,HEAT/HOT WATER,6572
2020-01-19,NOISE - RESIDENTIAL,4094
2020-01-19,NOISE - STREET/SIDEWALK,624
2020-01-19,RODENT,430
2020-01-26,HEAT/HOT WATER,6910
2020-01-26,NOISE - RESIDENTIAL,4100
2020-01-26,NOISE - STREET/SIDEWALK,664
2020-01-26,RODENT,408
2020-02-02,HEAT/HOT WATER,4892
2020-02-02,NOISE - RESIDENTIAL,4105
2020-02-02,NOISE - STREET/SIDEWALK,662
2020-02-02,RODENT,417
2020-02-09,HEAT/HOT WATER,4063
2020-02-09,NOISE - RESIDENTIAL,3999
2020-02-09,NOISE - STREET/SIDEWALK,609
2020-02-09,RODENT,425
2020-02-16,HEAT/HOT WATER,6168
2020-02-16,NOISE - RESIDENTIAL,4257
2020-02-16,NOISE - STREET/SIDEWALK,461
2020-02-16,RODENT,417
2020-02-23,HEAT/HOT WATER,5133
2020-02-23,NOISE - RESIDENTIAL,4482
2020-02-23,NOISE - STREET/SIDEWALK,708
2020-02-23,RODENT,432
2020-03-01,HEAT/HOT WATER,4890
2020-03-01,NOISE - RESIDENTIAL,4162
2020-03-01,NOISE - STREET/SIDEWALK,563
2020-03-01,RODENT,446
2020-03-08,HEAT/HOT WATER,3673
2020-03-08,NOISE - RESIDENTIAL,4166
2020-03-08,NOISE - STREET/SIDEWALK,818
2020-03-08,RODENT,416
2020-03-15,HEAT/HOT WATER,3103
2020-03-15,NOISE - RESIDENTIAL,4908
2020-03-15,NOISE - STREET/SIDEWALK,1462
2020-03-15,RODENT,433
2020-03-22,HEAT/HOT WATER,4233
2020-03-22,NOISE - RESIDENTIAL,5307
2020-03-22,NOISE - STREET/SIDEWALK,1287
2020-03-22,RODENT,309
2020-03-29,HEAT/HOT WATER,4050
2020-03-29,NOISE - RESIDENTIAL,5096
2020-03-29,NOISE - STREET/SIDEWALK,1247
2020-03-29,RODENT,314
2020-04-05,HEAT/HOT WATER,2910
2020-04-05,NOISE - RESIDENTIAL,5299
2020-04-05,NOISE - STREET/SIDEWALK,1242
2020-04-05,RODENT,294
2020-04-12,HEAT/HOT WATER,2766
2020-04-12,NOISE - RESIDENTIAL,6277
2020-04-12,NOISE - STREET/SIDEWALK,1526
2020-04-12,RODENT,316
2020-04-19,HEAT/HOT WATER,3075
2020-04-19,NOISE - RESIDENTIAL,6592
2020-04-19,NOISE - STREET/SIDEWALK,1114
2020-04-19,RODENT,390
2020-04-26,HEAT/HOT WATER,2894
2020-04-26,NOISE - RESIDENTIAL,6885
2020-04-26,NOISE - STREET/SIDEWALK,1254
2020-04-26,RODENT,416
2020-05-03,HEAT/HOT WATER,1966
2020-05-03,NOISE - RESIDENTIAL,8400
2020-05-03,NOISE - STREET/SIDEWALK,2650
2020-05-03,RODENT,463
2020-05-10,HEAT/HOT WATER,2743
2020-05-10,NOISE - RESIDENTIAL,8355
2020-05-10,NOISE - STREET/SIDEWALK,1935
2020-05-10,RODENT,473
2020-05-17,HEAT/HOT WATER,1702
2020-05-17,NOISE - RESIDENTIAL,8949
2020-05-17,NOISE - STREET/SIDEWALK,4479
2020-05-17,RODENT,601
2020-05-24,HEAT/HOT WATER,958
2020-05-24,NOISE - RESIDENTIAL,9469
2020-05-24,NOISE - STREET/SIDEWALK,4082
2020-05-24,RODENT,699
2020-05-31,HEAT/HOT WATER,643
2020-05-31,NOISE - RESIDENTIAL,10686
2020-05-31,NOISE - STREET/SIDEWALK,7627
2020-05-31,RODENT,714
2020-06-07,HEAT/HOT WATER,725
2020-06-07,NOISE - RESIDENTIAL,8107
2020-06-07,NOISE - STREET/SIDEWALK,4671
2020-06-07,RODENT,592
2020-06-14,HEAT/HOT WATER,472
2020-06-14,NOISE - RESIDENTIAL,8433
2020-06-14,NOISE - STREET/SIDEWALK,9670
2020-06-14,RODENT,665
2020-06-21,HEAT/HOT WATER,462
2020-06-21,NOISE - RESIDENTIAL,14672
2020-06-21,NOISE - STREET/SIDEWALK,16167
2020-06-21,RODENT,715
2020-06-28,HEAT/HOT WATER,470
2020-06-28,NOISE - RESIDENTIAL,8918
2020-06-28,NOISE - STREET/SIDEWALK,12905
2020-06-28,RODENT,681
2020-07-05,HEAT/HOT WATER,454
2020-07-05,NOISE - RESIDENTIAL,11579
2020-07-05,NOISE - STREET/SIDEWALK,10276
2020-07-05,RODENT,653
2020-07-12,HEAT/HOT WATER,521
2020-07-12,NOISE - RESIDENTIAL,6846
2020-07-12,NOISE - STREET/SIDEWALK,5792
2020-07-12,RODENT,719
2020-07-19,HEAT/HOT WATER,476
2020-07-19,NOISE - RESIDENTIAL,7955
2020-07-19,NOISE - STREET/SIDEWALK,7883
2020-07-19,RODENT,763
2020-07-26,HEAT/HOT WATER,428
2020-07-26,NOISE - RESIDENTIAL,11129
2020-07-26,NOISE - STREET/SIDEWALK,6646
2020-07-26,RODENT,586
2020-08-02,HEAT/HOT WATER,445
2020-08-02,NOISE - RESIDENTIAL,11447
2020-08-02,NOISE - STREET/SIDEWALK,7068
2020-08-02,RODENT,685
2020-08-09,HEAT/HOT WATER,398
2020-08-09,NOISE - RESIDENTIAL,12667
2020-08-09,NOISE - STREET/SIDEWALK,6860
2020-08-09,RODENT,663
2020-08-16,HEAT/HOT WATER,508
2020-08-16,NOISE - RESIDENTIAL,10698
2020-08-16,NOISE - STREET/SIDEWALK,6721
2020-08-16,RODENT,689
2020-08-23,HEAT/HOT WATER,443
2020-08-23,NOISE - RESIDENTIAL,9263
2020-08-23,NOISE - STREET/SIDEWALK,7648
2020-08-23,RODENT,777
2020-08-30,HEAT/HOT WATER,411
2020-08-30,NOISE - RESIDENTIAL,8703
2020-08-30,NOISE - STREET/SIDEWALK,5939
2020-08-30,RODENT,743
2020-09-06,HEAT/HOT WATER,374
2020-09-06,NOISE - RESIDENTIAL,11646
2020-09-06,NOISE - STREET/SIDEWALK,6633
2020-09-06,RODENT,677
2020-09-13,HEAT/HOT WATER,372
2020-09-13,NOISE - RESIDENTIAL,12097
2020-09-13,NOISE - STREET/SIDEWALK,7527
2020-09-13,RODENT,630
2020-09-20,HEAT/HOT WATER,466
2020-09-20,NOISE - RESIDENTIAL,14360
2020-09-20,NOISE - STREET/SIDEWALK,5607
2020-09-20,RODENT,653
2020-09-27,HEAT/HOT WATER,531
2020-09-27,NOISE - RESIDENTIAL,11040
2020-09-27,NOISE - STREET/SIDEWALK,6211
2020-09-27,RODENT,617
2020-10-04,HEAT/HOT WATER,776
2020-10-04,NOISE - RESIDENTIAL,10483
2020-10-04,NOISE - STREET/SIDEWALK,5151
2020-10-04,RODENT,625
2020-10-11,HEAT/HOT WATER,1053
2020-10-11,NOISE - RESIDENTIAL,10991
2020-10-11,NOISE - STREET/SIDEWALK,4906
2020-10-11,RODENT,573
2020-10-18,HEAT/HOT WATER,3873
2020-10-18,NOISE - RESIDENTIAL,7642
2020-10-18,NOISE - STREET/SIDEWALK,3461
2020-10-18,RODENT,528
2020-10-25,HEAT/HOT WATER,2663
2020-10-25,NOISE - RESIDENTIAL,7830
2020-10-25,NOISE - STREET/SIDEWALK,4544
2020-10-25,RODENT,649
2020-11-01,HEAT/HOT WATER,8957
2020-11-01,NOISE - RESIDENTIAL,7607
2020-11-01,NOISE - STREET/SIDEWALK,1932
2020-11-01,RODENT,552
2020-11-08,HEAT/HOT WATER,4655
2020-11-08,NOISE - RESIDENTIAL,7316
2020-11-08,NOISE - STREET/SIDEWALK,3936
2020-11-08,RODENT,447
2020-11-15,HEAT/HOT WATER,3725
2020-11-15,NOISE - RESIDENTIAL,6020
2020-11-15,NOISE - STREET/SIDEWALK,2609
2020-11-15,RODENT,493
2020-11-22,HEAT/HOT WATER,8302
2020-11-22,NOISE - RESIDENTIAL,6062
2020-11-22,NOISE - STREET/SIDEWALK,2006
2020-11-22,RODENT,425
2020-11-29,HEAT/HOT WATER,4285
2020-11-29,NOISE - RESIDENTIAL,7390
2020-11-29,NOISE - STREET/SIDEWALK,2344
2020-11-29,RODENT,432
2020-12-06,HEAT/HOT WATER,7568
2020-12-06,NOISE - RESIDENTIAL,6052
2020-12-06,NOISE - STREET/SIDEWALK,1139
2020-12-06,RODENT,432
2020-12-13,HEAT/HOT WATER,7014
2020-12-13,NOISE - RESIDENTIAL,7946
2020-12-13,NOISE - STREET/SIDEWALK,1989
2020-12-13,RODENT,432
2020-12-20,HEAT/HOT WATER,11873
2020-12-20,NOISE - RESIDENTIAL,5769
2020-12-20,NOISE - STREET/SIDEWALK,615
2020-12-20,RODENT,342
2020-12-27,HEAT/HOT WATER,6884
2020-12-27,NOISE - RESIDENTIAL,5532
2020-12-27,NOISE - STREET/SIDEWALK,862
2020-12-27,RODENT,334
2021-01-03,HEAT/HOT WATER,5725
2021-01-03,NOISE - RESIDENTIAL,6815
2021-01-03,NOISE - STREET/SIDEWALK,1146
2021-01-03,RODENT,403
2021-01-10,HEAT/HOT WATER,7062
2021-01-10,NOISE - RESIDENTIAL,5838
2021-01-10,NOISE - STREET/SIDEWALK,893
2021-01-10,RODENT,509
2021-01-17,HEAT/HOT WATER,5531
2021-01-17,NOISE - RESIDENTIAL,5429
2021-01-17,NOISE - STREET/SIDEWALK,1016
2021-01-17,RODENT,537
2021-01-24,HEAT/HOT WATER,7455
2021-01-24,NOISE - RESIDENTIAL,7358
2021-01-24,NOISE - STREET/SIDEWALK,830
2021-01-24,RODENT,476
2021-01-31,HEAT/HOT WATER,13170
2021-01-31,NOISE - RESIDENTIAL,5248
2021-01-31,NOISE - STREET/SIDEWALK,614
2021-01-31,RODENT,433
2021-02-07,HEAT/HOT WATER,8146
2021-02-07,NOISE - RESIDENTIAL,5466
2021-02-07,NOISE - STREET/SIDEWALK,685
2021-02-07,RODENT,299
2021-02-14,HEAT/HOT WATER,8550
2021-02-14,NOISE - RESIDENTIAL,5287
2021-02-14,NOISE - STREET/SIDEWALK,601
2021-02-14,RODENT,368
2021-02-21,HEAT/HOT WATER,7512
2021-02-21,NOISE - RESIDENTIAL,5380
2021-02-21,NOISE - STREET/SIDEWALK,559
2021-02-21,RODENT,362
2021-02-28,HEAT/HOT WATER,4677
2021-02-28,NOISE - RESIDENTIAL,5766
2021-02-28,NOISE - STREET/SIDEWALK,1455
2021-02-28,RODENT,617
2021-03-07,HEAT/HOT WATER,6282
2021-03-07,NOISE - RESIDENTIAL,4959
2021-03-07,NOISE - STREET/SIDEWALK,955
2021-03-07,RODENT,585
2021-03-14,HEAT/HOT WATER,4146
2021-03-14,NOISE - RESIDENTIAL,5530
2021-03-14,NOISE - STREET/SIDEWALK,2732
2021-03-14,RODENT,640
2021-03-21,HEAT/HOT WATER,5191
2021-03-21,NOISE - RESIDENTIAL,5824
2021-03-21,NOISE - STREET/SIDEWALK,2089
2021-03-21,RODENT,586
2021-03-28,HEAT/HOT WATER,2707
2021-03-28,NOISE - RESIDENTIAL,6435
2021-03-28,NOISE - STREET/SIDEWALK,3388
2021-03-28,RODENT,776
2021-04-04,HEAT/HOT WATER,4034
2021-04-04,NOISE - RESIDENTIAL,5599
2021-04-04,NOISE - STREET/SIDEWALK,2058
2021-04-04,RODENT,693
2021-04-11,HEAT/HOT WATER,2338
2021-04-11,NOISE - RESIDENTIAL,6891
2021-04-11,NOISE - STREET/SIDEWALK,3755
2021-04-11,RODENT,753
2021-04-18,HEAT/HOT WATER,3094
2021-04-18,NOISE - RESIDENTIAL,6756
2021-04-18,NOISE - STREET/SIDEWALK,2898
2021-04-18,RODENT,754
2021-04-25,HEAT/HOT WATER,2890
2021-04-25,NOISE - RESIDENTIAL,6883
2021-04-25,NOISE - STREET/SIDEWALK,3728
2021-04-25,RODENT,733
2021-05-02,HEAT/HOT WATER,1946
2021-05-02,NOISE - RESIDENTIAL,8328
2021-05-02,NOISE - STREET/SIDEWALK,5238
2021-05-02,RODENT,726
2021-05-09,HEAT/HOT WATER,2219
2021-05-09,NOISE - RESIDENTIAL,6749
2021-05-09,NOISE - STREET/SIDEWALK,3326
2021-05-09,RODENT,761
2021-05-16,HEAT/HOT WATER,1758
2021-05-16,NOISE - RESIDENTIAL,8557
2021-05-16,NOISE - STREET/SIDEWALK,6527
2021-05-16,RODENT,840
2021-05-23,HEAT/HOT WATER,817
2021-05-23,NOISE - RESIDENTIAL,9026
2021-05-23,NOISE - STREET/SIDEWALK,8480
2021-05-23,RODENT,860
2021-05-30,HEAT/HOT WATER,1569
2021-05-30,NOISE - RESIDENTIAL,5792
2021-05-30,NOISE - STREET/SIDEWALK,2791
2021-05-30,RODENT,789
2021-06-06,HEAT/HOT WATER,821
2021-06-06,NOISE - RESIDENTIAL,9420
2021-06-06,NOISE - STREET/SIDEWALK,7517
2021-06-06,RODENT,929
2021-06-13,HEAT/HOT WATER,723
2021-06-13,NOISE - RESIDENTIAL,7793
2021-06-13,NOISE - STREET/SIDEWALK,6230
2021-06-13,RODENT,983
2021-06-20,HEAT/HOT WATER,483
2021-06-20,NOISE - RESIDENTIAL,9643
2021-06-20,NOISE - STREET/SIDEWALK,7650
2021-06-20,RODENT,893
2021-06-27,HEAT/HOT WATER,557
2021-06-27,NOISE - RESIDENTIAL,8635
2021-06-27,NOISE - STREET/SIDEWALK,7278
2021-06-27,RODENT,961
2021-07-04,HEAT/HOT WATER,678
2021-07-04,NOISE - RESIDENTIAL,6571
2021-07-04,NOISE - STREET/SIDEWALK,5488
2021-07-04,RODENT,798
2021-07-11,HEAT/HOT WATER,601
2021-07-11,NOISE - RESIDENTIAL,6533
2021-07-11,NOISE - STREET/SIDEWALK,6024
2021-07-11,RODENT,836
2021-07-18,HEAT/HOT WATER,606
2021-07-18,NOISE - RESIDENTIAL,8076
2021-07-18,NOISE - STREET/SIDEWALK,4766
2021-07-18,RODENT,985
2021-07-25,HEAT/HOT WATER,442
2021-07-25,NOISE - RESIDENTIAL,16984
2021-07-25,NOISE - STREET/SIDEWALK,6419
2021-07-25,RODENT,1075
2021-08-01,HEAT/HOT WATER,421
2021-08-01,NOISE - RESIDENTIAL,7354
2021-08-01,NOISE - STREET/SIDEWALK,5868
2021-08-01,RODENT,984
2021-08-08,HEAT/HOT WATER,436
2021-08-08,NOISE - RESIDENTIAL,6345
2021-08-08,NOISE - STREET/SIDEWALK,5611
2021-08-08,RODENT,942
2021-08-15,HEAT/HOT WATER,521
2021-08-15,NOISE - RESIDENTIAL,7843
2021-08-15,NOISE - STREET/SIDEWALK,5133
2021-08-15,RODENT,896
2021-08-22,HEAT/HOT WATER,482
2021-08-22,NOISE - RESIDENTIAL,8440
2021-08-22,NOISE - STREET/SIDEWALK,3454
2021-08-22,RODENT,839
2021-08-29,HEAT/HOT WATER,607
2021-08-29,NOISE - RESIDENTIAL,6598
2021-08-29,NOISE - STREET/SIDEWALK,5175
2021-08-29,RODENT,864
2021-09-05,HEAT/HOT WATER,2049
2021-09-05,NOISE - RESIDENTIAL,8615
2021-09-05,NOISE - STREET/SIDEWALK,5098
2021-09-05,RODENT,764
2021-09-12,HEAT/HOT WATER,1408
2021-09-12,NOISE - RESIDENTIAL,11386
2021-09-12,NOISE - STREET/SIDEWALK,6343
2021-09-12,RODENT,862
2021-09-19,HEAT/HOT WATER,869
2021-09-19,NOISE - RESIDENTIAL,7775
2021-09-19,NOISE - STREET/SIDEWALK,4936
2021-09-19,RODENT,837
2021-09-26,HEAT/HOT WATER,657
2021-09-26,NOISE - RESIDENTIAL,7369
2021-09-26,NOISE - STREET/SIDEWALK,4980
2021-09-26,RODENT,898
2021-10-03,HEAT/HOT WATER,1024
2021-10-03,NOISE - RESIDENTIAL,9018
2021-10-03,NOISE - STREET/SIDEWALK,5031
2021-10-03,RODENT,879
2021-10-10,HEAT/HOT WATER,820
2021-10-10,NOISE - RESIDENTIAL,6303
2021-10-10,NOISE - STREET/SIDEWALK,3957
2021-10-10,RODENT,950
2021-10-17,HEAT/HOT WATER,1011
2021-10-17,NOISE - RESIDENTIAL,7189
2021-10-17,NOISE - STREET/SIDEWALK,4470
2021-10-17,RODENT,944
2021-10-24,HEAT/HOT WATER,4336
2021-10-24,NOISE - RESIDENTIAL,6034
2021-10-24,NOISE - STREET/SIDEWALK,3552
2021-10-24,RODENT,969
2021-10-31,HEAT/HOT WATER,5888
2021-10-31,NOISE - RESIDENTIAL,6850
2021-10-31,NOISE - STREET/SIDEWALK,2450
2021-10-31,RODENT,872
2021-11-07,HEAT/HOT WATER,12046
2021-11-07,NOISE - RESIDENTIAL,5804
2021-11-07,NOISE - STREET/SIDEWALK,1993
2021-11-07,RODENT,848
2021-11-14,HEAT/HOT WATER,6050
2021-11-14,NOISE - RESIDENTIAL,5255
2021-11-14,NOISE - STREET/SIDEWALK,1975
2021-11-14,RODENT,829
2021-11-21,HEAT/HOT WATER,9163
2021-11-21,NOISE - RESIDENTIAL,5001
2021-11-21,NOISE - STREET/SIDEWALK,1455
2021-11-21,RODENT,664
2021-11-28,HEAT/HOT WATER,9971
2021-11-28,NOISE - RESIDENTIAL,5266
2021-11-28,NOISE - STREET/SIDEWALK,986
2021-11-28,RODENT,464
2021-12-05,HEAT/HOT WATER,8052
2021-12-05,NOISE - RESIDENTIAL,4980
2021-12-05,NOISE - STREET/SIDEWALK,1215
2021-12-05,RODENT,586
2021-12-12,HEAT/HOT WATER,7129
2021-12-12,NOISE - RESIDENTIAL,5146
2021-12-12,NOISE - STREET/SIDEWALK,1246
2021-12-12,RODENT,576
2021-12-19,HEAT/HOT WATER,5946
2021-12-19,NOISE - RESIDENTIAL,5166
2021-12-19,NOISE - STREET/SIDEWALK,1314
2021-12-19,RODENT,704
2021-12-26,HEAT/HOT WATER,8318
2021-12-26,NOISE - RESIDENTIAL,5000
2021-12-26,NOISE - STREET/SIDEWALK,837
2021-12-26,RODENT,491
2022-01-02,HEAT/HOT WATER,5478
2022-01-02,NOISE - RESIDENTIAL,5299
2022-01-02,NOISE - STREET/SIDEWALK,1636
2022-01-02,RODENT,592
2022-01-09,HEAT/HOT WATER,11936
2022-01-09,NOISE - RESIDENTIAL,4473
2022-01-09,NOISE - STREET/SIDEWALK,589
2022-01-09,RODENT,604
2022-01-16,HEAT/HOT WATER,18867
2022-01-16,NOISE - RESIDENTIAL,4829
2022-01-16,NOISE - STREET/SIDEWALK,648
2022-01-16,RODENT,595
2022-01-23,HEAT/HOT WATER,14043
2022-01-23,NOISE - RESIDENTIAL,4873
2022-01-23,NOISE - STREET/SIDEWALK,605
2022-01-23,RODENT,567
2022-01-30,HEAT/HOT WATER,13847
2022-01-30,NOISE - RESIDENTIAL,5468
2022-01-30,NOISE - STREET/SIDEWALK,510
2022-01-30,RODENT,600
2022-02-06,HEAT/HOT WATER,10005
2022-02-06,NOISE - RESIDENTIAL,6477
2022-02-06,NOISE - STREET/SIDEWALK,584
2022-02-06,RODENT,539
2022-02-13,HEAT/HOT WATER,6263
2022-02-13,NOISE - RESIDENTIAL,12098
2022-02-13,NOISE - STREET/SIDEWALK,1183
2022-02-13,RODENT,671
2022-02-20,HEAT/HOT WATER,8742
2022-02-20,NOISE - RESIDENTIAL,6351
2022-02-20,NOISE - STREET/SIDEWALK,788
2022-02-20,RODENT,579
2022-02-27,HEAT/HOT WATER,6068
2022-02-27,NOISE - RESIDENTIAL,5008
2022-02-27,NOISE - STREET/SIDEWALK,979
2022-02-27,RODENT,628
2022-03-06,HEAT/HOT WATER,6107
2022-03-06,NOISE - RESIDENTIAL,5822
2022-03-06,NOISE - STREET/SIDEWALK,1440
2022-03-06,RODENT,680
2022-03-13,HEAT/HOT WATER,5946
2022-03-13,NOISE - RESIDENTIAL,4599
2022-03-13,NOISE - STREET/SIDEWALK,1266
2022-03-13,RODENT,721
2022-03-20,HEAT/HOT WATER,3282
2022-03-20,NOISE - RESIDENTIAL,6429
2022-03-20,NOISE - STREET/SIDEWALK,2830
2022-03-20,RODENT,839
2022-03-27,HEAT/HOT WATER,5022
2022-03-27,NOISE - RESIDENTIAL,5329
2022-03-27,NOISE - STREET/SIDEWALK,1441
2022-03-27,RODENT,771
2022-04-03,HEAT/HOT WATER,6367
2022-04-03,NOISE - RESIDENTIAL,5475
2022-04-03,NOISE - STREET/SIDEWALK,1232
2022-04-03,RODENT,697
2022-04-10,HEAT/HOT WATER,3991
2022-04-10,NOISE - RESIDENTIAL,5971
2022-04-10,NOISE - STREET/SIDEWALK,1835
2022-04-10,RODENT,773
2022-04-17,HEAT/HOT WATER,2675
2022-04-17,NOISE - RESIDENTIAL,5651
2022-04-17,NOISE - STREET/SIDEWALK,2952
2022-04-17,RODENT,696
2022-04-24,HEAT/HOT WATER,3945
2022-04-24,NOISE - RESIDENTIAL,6828
2022-04-24,NOISE - STREET/SIDEWALK,2567
2022-04-24,RODENT,826
2022-05-01,HEAT/HOT WATER,4068
2022-05-01,NOISE - RESIDENTIAL,6579
2022-05-01,NOISE - STREET/SIDEWALK,2688
2022-05-01,RODENT,815
2022-05-08,HEAT/HOT WATER,3123
2022-05-08,NOISE - RESIDENTIAL,5453
2022-05-08,NOISE - STREET/SIDEWALK,2175
2022-05-08,RODENT,898
2022-05-15,HEAT/HOT WATER,1744
2022-05-15,NOISE - RESIDENTIAL,9829
2022-05-15,NOISE - STREET/SIDEWALK,4301
2022-05-15,RODENT,994
2022-05-22,HEAT/HOT WATER,939
2022-05-22,NOISE - RESIDENTIAL,17143
2022-05-22,NOISE - STREET/SIDEWALK,5414
2022-05-22,RODENT,974
2022-05-29,HEAT/HOT WATER,749
2022-05-29,NOISE - RESIDENTIAL,6868
2022-05-29,NOISE - STREET/SIDEWALK,4904
2022-05-29,RODENT,962
2022-06-05,HEAT/HOT WATER,815
2022-06-05,NOISE - RESIDENTIAL,9990
2022-06-05,NOISE - STREET/SIDEWALK,7041
2022-06-05,RODENT,1078
2022-06-12,HEAT/HOT WATER,912
2022-06-12,NOISE - RESIDENTIAL,6508
2022-06-12,NOISE - STREET/SIDEWALK,6011
2022-06-12,RODENT,1097
2022-06-19,HEAT/HOT WATER,821
2022-06-19,NOISE - RESIDENTIAL,8902
2022-06-19,NOISE - STREET/SIDEWALK,5476
2022-06-19,RODENT,1053
2022-06-26,HEAT/HOT WATER,582
2022-06-26,NOISE - RESIDENTIAL,7203
2022-06-26,NOISE - STREET/SIDEWALK,5329
2022-06-26,RODENT,954
2022-07-03,HEAT/HOT WATER,694
2022-07-03,NOISE - RESIDENTIAL,5833
2022-07-03,NOISE - STREET/SIDEWALK,5009
2022-07-03,RODENT,961
2022-07-10,HEAT/HOT WATER,607
2022-07-10,NOISE - RESIDENTIAL,11141
2022-07-10,NOISE - STREET/SIDEWALK,6946
2022-07-10,RODENT,1014
2022-07-17,HEAT/HOT WATER,668
2022-07-17,NOISE - RESIDENTIAL,8535
2022-07-17,NOISE - STREET/SIDEWALK,4686
2022-07-17,RODENT,1113
2022-07-24,HEAT/HOT WATER,743
2022-07-24,NOISE - RESIDENTIAL,10331
2022-07-24,NOISE - STREET/SIDEWALK,4269
2022-07-24,RODENT,1027
2022-07-31,HEAT/HOT WATER,547
2022-07-31,NOISE - RESIDENTIAL,18044
2022-07-31,NOISE - STREET/SIDEWALK,4605
2022-07-31,RODENT,1076
2022-08-07,HEAT/HOT WATER,500
2022-08-07,NOISE - RESIDENTIAL,6677
2022-08-07,NOISE - STREET/SIDEWALK,4301
2022-08-07,RODENT,1005
2022-08-14,HEAT/HOT WATER,485
2022-08-14,NOISE - RESIDENTIAL,5588
2022-08-14,NOISE - STREET/SIDEWALK,4893
2022-08-14,RODENT,955
2022-08-21,HEAT/HOT WATER,472
2022-08-21,NOISE - RESIDENTIAL,5837
2022-08-21,NOISE - STREET/SIDEWALK,4951
2022-08-21,RODENT,978
2022-08-28,HEAT/HOT WATER,479
2022-08-28,NOISE - RESIDENTIAL,8743
2022-08-28,NOISE - STREET/SIDEWALK,4680
2022-08-28,RODENT,946
2022-09-04,HEAT/HOT WATER,588
2022-09-04,NOISE - RESIDENTIAL,10342
2022-09-04,NOISE - STREET/SIDEWALK,4874
2022-09-04,RODENT,920
2022-09-11,HEAT/HOT WATER,738
2022-09-11,NOISE - RESIDENTIAL,9717
2022-09-11,NOISE - STREET/SIDEWALK,4346
2022-09-11,RODENT,894
2022-09-18,HEAT/HOT WATER,709
2022-09-18,NOISE - RESIDENTIAL,19660
2022-09-18,NOISE - STREET/SIDEWALK,4897
2022-09-18,RODENT,904
2022-09-25,HEAT/HOT WATER,705
2022-09-25,NOISE - RESIDENTIAL,7659
2022-09-25,NOISE - STREET/SIDEWALK,3309
2022-09-25,RODENT,907
2022-10-02,HEAT/HOT WATER,2042
2022-10-02,NOISE - RESIDENTIAL,5247
2022-10-02,NOISE - STREET/SIDEWALK,2574
2022-10-02,RODENT,764
2022-10-09,HEAT/HOT WATER,8624
2022-10-09,NOISE - RESIDENTIAL,5757
2022-10-09,NOISE - STREET/SIDEWALK,2608
2022-10-09,RODENT,703
2022-10-16,HEAT/HOT WATER,2688
2022-10-16,NOISE - RESIDENTIAL,7073
2022-10-16,NOISE - STREET/SIDEWALK,3275
2022-10-16,RODENT,748
2022-10-23,HEAT/HOT WATER,7722
2022-10-23,NOISE - RESIDENTIAL,5314
2022-10-23,NOISE - STREET/SIDEWALK,2257
2022-10-23,RODENT,799
2022-10-30,HEAT/HOT WATER,4838
2022-10-30,NOISE - RESIDENTIAL,6472
2022-10-30,NOISE - STREET/SIDEWALK,2682
2022-10-30,RODENT,745
2022-11-06,HEAT/HOT WATER,2176
2022-11-06,NOISE - RESIDENTIAL,5854
2022-11-06,NOISE - STREET/SIDEWALK,3495
2022-11-06,RODENT,725
2022-11-13,HEAT/HOT WATER,5566
2022-11-13,NOISE - RESIDENTIAL,5119
2022-11-13,NOISE - STREET/SIDEWALK,2032
2022-11-13,RODENT,622
2022-11-20,HEAT/HOT WATER,14885
2022-11-20,NOISE - RESIDENTIAL,4178
2022-11-20,NOISE - STREET/SIDEWALK,905
2022-11-20,RODENT,628
2022-11-27,HEAT/HOT WATER,8289
2022-11-27,NOISE - RESIDENTIAL,5001
2022-11-27,NOISE - STREET/SIDEWALK,1241
2022-11-27,RODENT,444
2022-12-04,HEAT/HOT WATER,8961
2022-12-04,NOISE - RESIDENTIAL,4677
2022-12-04,NOISE - STREET/SIDEWALK,1146
2022-12-04,RODENT,602
2022-12-11,HEAT/HOT WATER,9153
2022-12-11,NOISE - RESIDENTIAL,4547
2022-12-11,NOISE - STREET/SIDEWALK,1062
2022-12-11,RODENT,603
2022-12-18,HEAT/HOT WATER,11593
2022-12-18,NOISE - RESIDENTIAL,4827
2022-12-18,NOISE - STREET/SIDEWALK,893
2022-12-18,RODENT,507
2022-12-25,HEAT/HOT WATER,18058
2022-12-25,NOISE - RESIDENTIAL,4510
2022-12-25,NOISE - STREET/SIDEWALK,682
2022-12-25,RODENT,405
2023-01-01,HEAT/HOT WATER,10308
2023-01-01,NOISE - RESIDENTIAL,5552
2023-01-01,NOISE - STREET/SIDEWALK,1372
2023-01-01,RODENT,427
2023-01-08,HEAT/HOT WATER,5757
2023-01-08,NOISE - RESIDENTIAL,4759
2023-01-08,NOISE - STREET/SIDEWALK,1321
2023-01-08,RODENT,844
2023-01-15,HEAT/HOT WATER,8437
2023-01-15,NOISE - RESIDENTIAL,4678
2023-01-15,NOISE - STREET/SIDEWALK,895
2023-01-15,RODENT,679
2023-01-22,HEAT/HOT WATER,6905
2023-01-22,NOISE - RESIDENTIAL,4836
2023-01-22,NOISE - STREET/SIDEWALK,1069
2023-01-22,RODENT,562
2023-01-29,HEAT/HOT WATER,6794
2023-01-29,NOISE - RESIDENTIAL,5030
2023-01-29,NOISE - STREET/SIDEWALK,1066
2023-01-29,RODENT,680
2023-02-05,HEAT/HOT WATER,14285
2023-02-05,NOISE - RESIDENTIAL,4590
2023-02-05,NOISE - STREET/SIDEWALK,853
2023-02-05,RODENT,655
2023-02-12,HEAT/HOT WATER,5923
2023-02-12,NOISE - RESIDENTIAL,5385
2023-02-12,NOISE - STREET/SIDEWALK,1301
2023-02-12,RODENT,679
2023-02-19,HEAT/HOT WATER,4976
2023-02-19,NOISE - RESIDENTIAL,5460
2023-02-19,NOISE - STREET/SIDEWALK,1291
2023-02-19,RODENT,711
2023-02-26,HEAT/HOT WATER,7060
2023-02-26,NOISE - RESIDENTIAL,5384
2023-02-26,NOISE - STREET/SIDEWALK,1033
2023-02-26,RODENT,756
2023-03-05,HEAT/HOT WATER,6557
2023-03-05,NOISE - RESIDENTIAL,4845
2023-03-05,NOISE - STREET/SIDEWALK,854
2023-03-05,RODENT,749
2023-03-12,HEAT/HOT WATER,7157
2023-03-12,NOISE - RESIDENTIAL,4798
2023-03-12,NOISE - STREET/SIDEWALK,1018
2023-03-12,RODENT,663
2023-03-19,HEAT/HOT WATER,6812
2023-03-19,NOISE - RESIDENTIAL,5135
2023-03-19,NOISE - STREET/SIDEWALK,1277
2023-03-19,RODENT,628
2023-03-26,HEAT/HOT WATER,4727
2023-03-26,NOISE - RESIDENTIAL,5684
2023-03-26,NOISE - STREET/SIDEWALK,1782
2023-03-26,RODENT,718
2023-04-02,HEAT/HOT WATER,4776
2023-04-02,NOISE - RESIDENTIAL,5450
2023-04-02,NOISE - STREET/SIDEWALK,1534
2023-04-02,RODENT,672
2023-04-09,HEAT/HOT WATER,3901
2023-04-09,NOISE - RESIDENTIAL,5444
2023-04-09,NOISE - STREET/SIDEWALK,1958
2023-04-09,RODENT,737
2023-04-16,HEAT/HOT WATER,1853
2023-04-16,NOISE - RESIDENTIAL,6878
2023-04-16,NOISE - STREET/SIDEWALK,4998
2023-04-16,RODENT,969
2023-04-23,HEAT/HOT WATER,3108
2023-04-23,NOISE - RESIDENTIAL,5465
2023-04-23,NOISE - STREET/SIDEWALK,2374
2023-04-23,RODENT,887
2023-04-30,HEAT/HOT WATER,4775
2023-04-30,NOISE - RESIDENTIAL,5109
2023-04-30,NOISE - STREET/SIDEWALK,1416
2023-04-30,RODENT,913
2023-05-07,HEAT/HOT WATER,3247
2023-05-07,NOISE - RESIDENTIAL,7080
2023-05-07,NOISE - STREET/SIDEWALK,3489
2023-05-07,RODENT,910
2023-05-14,HEAT/HOT WATER,1083
2023-05-14,NOISE - RESIDENTIAL,7036
2023-05-14,NOISE - STREET/SIDEWALK,5249
2023-05-14,RODENT,955
2023-05-21,HEAT/HOT WATER,1341
2023-05-21,NOISE - RESIDENTIAL,5929
2023-05-21,NOISE - STREET/SIDEWALK,3116
2023-05-21,RODENT,792
2023-05-28,HEAT/HOT WATER,1080
2023-05-28,NOISE - RESIDENTIAL,6783
2023-05-28,NOISE - STREET/SIDEWALK,4321
2023-05-28,RODENT,799
2023-06-04,HEAT/HOT WATER,795
2023-06-04,NOISE - RESIDENTIAL,7192
2023-06-04,NOISE - STREET/SIDEWALK,4116
2023-06-04,RODENT,748
2023-06-11,HEAT/HOT WATER,787
2023-06-11,NOISE - RESIDENTIAL,6909
2023-06-11,NOISE - STREET/SIDEWALK,3874
2023-06-11,RODENT,810
2023-06-18,HEAT/HOT WATER,713
2023-06-18,NOISE - RESIDENTIAL,6913
2023-06-18,NOISE - STREET/SIDEWALK,4165
2023-06-18,RODENT,804
2023-06-25,HEAT/HOT WATER,707
2023-06-25,NOISE - RESIDENTIAL,7142
2023-06-25,NOISE - STREET/SIDEWALK,4318
2023-06-25,RODENT,973
2023-07-02,HEAT/HOT WATER,774
2023-07-02,NOISE - RESIDENTIAL,6036
2023-07-02,NOISE - STREET/SIDEWALK,4355
2023-07-02,RODENT,1033
2023-07-09,HEAT/HOT WATER,873
2023-07-09,NOISE - RESIDENTIAL,6230
2023-07-09,NOISE - STREET/SIDEWALK,5533
2023-07-09,RODENT,870
2023-07-16,HEAT/HOT WATER,694
2023-07-16,NOISE - RESIDENTIAL,4542
2023-07-16,NOISE - STREET/SIDEWALK,3558
2023-07-16,RODENT,978
2023-07-23,HEAT/HOT WATER,699
2023-07-23,NOISE - RESIDENTIAL,5806
2023-07-23,NOISE - STREET/SIDEWALK,4600
2023-07-23,RODENT,981
2023-07-30,HEAT/HOT WATER,726
2023-07-30,NOISE - RESIDENTIAL,5020
2023-07-30,NOISE - STREET/SIDEWALK,4411
2023-07-30,RODENT,1058
2023-08-06,HEAT/HOT WATER,682
2023-08-06,NOISE - RESIDENTIAL,5825
2023-08-06,NOISE - STREET/SIDEWALK,4971
2023-08-06,RODENT,1024
2023-08-13,HEAT/HOT WATER,603
2023-08-13,NOISE - RESIDENTIAL,5804
2023-08-13,NOISE - STREET/SIDEWALK,4281
2023-08-13,RODENT,996
2023-08-20,HEAT/HOT WATER,616
2023-08-20,NOISE - RESIDENTIAL,5818
2023-08-20,NOISE - STREET/SIDEWALK,5402
2023-08-20,RODENT,1108
2023-08-27,HEAT/HOT WATER,603
2023-08-27,NOISE - RESIDENTIAL,5844
2023-08-27,NOISE - STREET/SIDEWALK,4862
2023-08-27,RODENT,993
2023-09-03,HEAT/HOT WATER,637
2023-09-03,NOISE - RESIDENTIAL,6381
2023-09-03,NOISE - STREET/SIDEWALK,5243
2023-09-03,RODENT,951
2023-09-10,HEAT/HOT WATER,618
2023-09-10,NOISE - RESIDENTIAL,5931
2023-09-10,NOISE - STREET/SIDEWALK,3879
2023-09-10,RODENT,981
2023-09-17,HEAT/HOT WATER,691
2023-09-17,NOISE - RESIDENTIAL,6250
2023-09-17,NOISE - STREET/SIDEWALK,4575
2023-09-17,RODENT,1010
2023-09-24,HEAT/HOT WATER,943
2023-09-24,NOISE - RESIDENTIAL,5327
2023-09-24,NOISE - STREET/SIDEWALK,3217
2023-09-24,RODENT,954
2023-10-01,HEAT/HOT WATER,2624
2023-10-01,NOISE - RESIDENTIAL,6178
2023-10-01,NOISE - STREET/SIDEWALK,3359
2023-10-01,RODENT,846
2023-10-08,HEAT/HOT WATER,2619
2023-10-08,NOISE - RESIDENTIAL,5380
2023-10-08,NOISE - STREET/SIDEWALK,3519
2023-10-08,RODENT,915
2023-10-15,HEAT/HOT WATER,5793
2023-10-15,NOISE - RESIDENTIAL,5537
2023-10-15,NOISE - STREET/SIDEWALK,2877
2023-10-15,RODENT,811
2023-10-22,HEAT/HOT WATER,6745
2023-10-22,NOISE - RESIDENTIAL,5611
2023-10-22,NOISE - STREET/SIDEWALK,2615
2023-10-22,RODENT,745
2023-10-29,HEAT/HOT WATER,4427
2023-10-29,NOISE - RESIDENTIAL,6941
2023-10-29,NOISE - STREET/SIDEWALK,3724
2023-10-29,RODENT,650
2023-11-05,HEAT/HOT WATER,12036
2023-11-05,NOISE - RESIDENTIAL,5755
2023-11-05,NOISE - STREET/SIDEWALK,2566
2023-11-05,RODENT,702
2023-11-12,HEAT/HOT WATER,9889
2023-11-12,NOISE - RESIDENTIAL,5203
2023-11-12,NOISE - STREET/SIDEWALK,1778
2023-11-12,RODENT,657
2023-11-19,HEAT/HOT WATER,8560
2023-11-19,NOISE - RESIDENTIAL,5350
2023-11-19,NOISE - STREET/SIDEWALK,1805
2023-11-19,RODENT,710
2023-11-26,HEAT/HOT WATER,11018
2023-11-26,NOISE - RESIDENTIAL,5687
2023-11-26,NOISE - STREET/SIDEWALK,1110
2023-11-26,RODENT,542
2023-12-03,HEAT/HOT WATER,11618
2023-12-03,NOISE - RESIDENTIAL,5042
2023-12-03,NOISE - STREET/SIDEWALK,1189
2023-12-03,RODENT,572
2023-12-10,HEAT/HOT WATER,8684
2023-12-10,NOISE - RESIDENTIAL,5415
2023-12-10,NOISE - STREET/SIDEWALK,1333
2023-12-10,RODENT,578
2023-12-17,HEAT/HOT WATER,8868
2023-12-17,NOISE - RESIDENTIAL,5211
2023-12-17,NOISE - STREET/SIDEWALK,1345
2023-12-17,RODENT,597
2023-12-24,HEAT/HOT WATER,9642
2023-12-24,NOISE - RESIDENTIAL,4855
2023-12-24,NOISE - STREET/SIDEWALK,995
2023-12-24,RODENT,563
2023-12-31,HEAT/HOT WATER,5619
2023-12-31,NOISE - RESIDENTIAL,6160
2023-12-31,NOISE - STREET/SIDEWALK,1241
2023-12-31,RODENT,579
2024-01-07,HEAT/HOT WATER,10026
2024-01-07,NOISE - RESIDENTIAL,5665
2024-01-07,NOISE - STREET/SIDEWALK,902
2024-01-07,RODENT,596
2024-01-14,HEAT/HOT WATER,8396
2024-01-14,NOISE - RESIDENTIAL,4511
2024-01-14,NOISE - STREET/SIDEWALK,934
2024-01-14,RODENT,702
2024-01-21,HEAT/HOT WATER,20593
2024-01-21,NOISE - RESIDENTIAL,4582
2024-01-21,NOISE - STREET/SIDEWALK,494
2024-01-21,RODENT,531
2024-01-28,HEAT/HOT WATER,8407
2024-01-28,NOISE - RESIDENTIAL,5488
2024-01-28,NOISE - STREET/SIDEWALK,1012
2024-01-28,RODENT,696
2024-02-04,HEAT/HOT WATER,7726
2024-02-04,NOISE - RESIDENTIAL,5054
2024-02-04,NOISE - STREET/SIDEWALK,969
2024-02-04,RODENT,785
2024-02-11,HEAT/HOT WATER,6578
2024-02-11,NOISE - RESIDENTIAL,5196
2024-02-11,NOISE - STREET/SIDEWALK,1551
2024-02-11,RODENT,721
2024-02-18,HEAT/HOT WATER,8465
2024-02-18,NOISE - RESIDENTIAL,5108
2024-02-18,NOISE - STREET/SIDEWALK,767
2024-02-18,RODENT,623
2024-02-25,HEAT/HOT WATER,7973
2024-02-25,NOISE - RESIDENTIAL,5507
2024-02-25,NOISE - STREET/SIDEWALK,999
2024-02-25,RODENT,638
2024-03-03,HEAT/HOT WATER,5714
2024-03-03,NOISE - RESIDENTIAL,5545
2024-03-03,NOISE - STREET/SIDEWALK,1492
2024-03-03,RODENT,705
2024-03-10,HEAT/HOT WATER,5437
2024-03-10,NOISE - RESIDENTIAL,5039
2024-03-10,NOISE - STREET/SIDEWALK,1068
2024-03-10,RODENT,761
2024-03-17,HEAT/HOT WATER,3597
2024-03-17,NOISE - RESIDENTIAL,5785
2024-03-17,NOISE - STREET/SIDEWALK,2843
2024-03-17,RODENT,709
2024-03-24,HEAT/HOT WATER,8448
2024-03-24,NOISE - RESIDENTIAL,5308
2024-03-24,NOISE - STREET/SIDEWALK,1075
2024-03-24,RODENT,569
2024-03-31,HEAT/HOT WATER,5086
2024-03-31,NOISE - RESIDENTIAL,5710
2024-03-31,NOISE - STREET/SIDEWALK,1616
2024-03-31,RODENT,593
2024-04-07,HEAT/HOT WATER,5037
2024-04-07,NOISE - RESIDENTIAL,5639
2024-04-07,NOISE - STREET/SIDEWALK,1478
2024-04-07,RODENT,662
2024-04-14,HEAT/HOT WATER,1161
2024-04-14,NOISE - RESIDENTIAL,5591
2024-04-14,NOISE - STREET/SIDEWALK,2432
2024-04-14,RODENT,786
2024-04-21,HEAT/HOT WATER,5839
2024-04-21,NOISE - RESIDENTIAL,5930
2024-04-21,NOISE - STREET/SIDEWALK,2457
2024-04-21,RODENT,903
2024-04-28,HEAT/HOT WATER,3589
2024-04-28,NOISE - RESIDENTIAL,6384
2024-04-28,NOISE - STREET/SIDEWALK,2591
2024-04-28,RODENT,827
2024-05-05,HEAT/HOT WATER,2296
2024-05-05,NOISE - RESIDENTIAL,6892
2024-05-05,NOISE - STREET/SIDEWALK,2772
2024-05-05,RODENT,934
2024-05-12,HEAT/HOT WATER,2141
2024-05-12,NOISE - RESIDENTIAL,6895
2024-05-12,NOISE - STREET/SIDEWALK,3036
2024-05-12,RODENT,902
2024-05-19,HEAT/HOT WATER,1373
2024-05-19,NOISE - RESIDENTIAL,6951
2024-05-19,NOISE - STREET/SIDEWALK,3276
2024-05-19,RODENT,992
2024-05-26,HEAT/HOT WATER,846
2024-05-26,NOISE - RESIDENTIAL,7052
2024-05-26,NOISE - STREET/SIDEWALK,4975
2024-05-26,RODENT,969
2024-06-02,HEAT/HOT WATER,950
2024-06-02,NOISE - RESIDENTIAL,7196
2024-06-02,NOISE - STREET/SIDEWALK,5124
2024-06-02,RODENT,905
2024-06-09,HEAT/HOT WATER,811
2024-06-09,NOISE - RESIDENTIAL,6668
2024-06-09,NOISE - STREET/SIDEWALK,5653
2024-06-09,RODENT,996
2024-06-16,HEAT/HOT WATER,807
2024-06-16,NOISE - RESIDENTIAL,7340
2024-06-16,NOISE - STREET/SIDEWALK,6043
2024-06-16,RODENT,991
2024-06-23,HEAT/HOT WATER,917
2024-06-23,NOISE - RESIDENTIAL,6213
2024-06-23,NOISE - STREET/SIDEWALK,5882
2024-06-23,RODENT,876
2024-06-30,HEAT/HOT WATER,767
2024-06-30,NOISE - RESIDENTIAL,7415
2024-06-30,NOISE - STREET/SIDEWALK,4338
2024-06-30,RODENT,841
2024-07-07,HEAT/HOT WATER,705
2024-07-07,NOISE - RESIDENTIAL,6661
2024-07-07,NOISE - STREET/SIDEWALK,6322
2024-07-07,RODENT,774
2024-07-14,HEAT/HOT WATER,998
2024-07-14,NOISE - RESIDENTIAL,6192
2024-07-14,NOISE - STREET/SIDEWALK,4315
2024-07-14,RODENT,938
2024-07-21,HEAT/HOT WATER,721
2024-07-21,NOISE - RESIDENTIAL,5292
2024-07-21,NOISE - STREET/SIDEWALK,5045
2024-07-21,RODENT,899
2024-07-28,HEAT/HOT WATER,653
2024-07-28,NOISE - RESIDENTIAL,6184
2024-07-28,NOISE - STREET/SIDEWALK,5606
2024-07-28,RODENT,1057
2024-08-04,HEAT/HOT WATER,677
2024-08-04,NOISE - RESIDENTIAL,6359
2024-08-04,NOISE - STREET/SIDEWALK,3727
2024-08-04,RODENT,992
2024-08-11,HEAT/HOT WATER,738
2024-08-11,NOISE - RESIDENTIAL,6744
2024-08-11,NOISE - STREET/SIDEWALK,4013
2024-08-11,RODENT,888
2024-08-18,HEAT/HOT WATER,763
2024-08-18,NOISE - RESIDENTIAL,5622
2024-08-18,NOISE - STREET/SIDEWALK,4529
2024-08-18,RODENT,887
2024-08-25,HEAT/HOT WATER,678
2024-08-25,NOISE - RESIDENTIAL,6359
2024-08-25,NOISE - STREET/SIDEWALK,5566
2024-08-25,RODENT,913
2024-09-01,HEAT/HOT WATER,647
2024-09-01,NOISE - RESIDENTIAL,6257
2024-09-01,NOISE - STREET/SIDEWALK,5445
2024-09-01,RODENT,950
2024-09-08,HEAT/HOT WATER,758
2024-09-08,NOISE - RESIDENTIAL,8741
2024-09-08,NOISE - STREET/SIDEWALK,5731
2024-09-08,RODENT,893
2024-09-15,HEAT/HOT WATER,716
2024-09-15,NOISE - RESIDENTIAL,13968
2024-09-15,NOISE - STREET/SIDEWALK,5432
2024-09-15,RODENT,869
2024-09-22,HEAT/HOT WATER,763
2024-09-22,NOISE - RESIDENTIAL,10503
2024-09-22,NOISE - STREET/SIDEWALK,5030
2024-09-22,RODENT,939
2024-09-29,HEAT/HOT WATER,887
2024-09-29,NOISE - RESIDENTIAL,9816
2024-09-29,NOISE - STREET/SIDEWALK,3556
2024-09-29,RODENT,863
2024-10-06,HEAT/HOT WATER,1057
2024-10-06,NOISE - RESIDENTIAL,9121
2024-10-06,NOISE - STREET/SIDEWALK,5099
2024-10-06,RODENT,873
2024-10-13,HEAT/HOT WATER,3050
2024-10-13,NOISE - RESIDENTIAL,6693
2024-10-13,NOISE - STREET/SIDEWALK,4227
2024-10-13,RODENT,753
2024-10-20,HEAT/HOT WATER,9466
2024-10-20,NOISE - RESIDENTIAL,8276
2024-10-20,NOISE - STREET/SIDEWALK,3838
2024-10-20,RODENT,656
2024-10-27,HEAT/HOT WATER,3519
2024-10-27,NOISE - RESIDENTIAL,8472
2024-10-27,NOISE - STREET/SIDEWALK,3727
2024-10-27,RODENT,694
2024-11-03,HEAT/HOT WATER,5231
2024-11-03,NOISE - RESIDENTIAL,12145
2024-11-03,NOISE - STREET/SIDEWALK,3635
2024-11-03,RODENT,630
2024-11-10,HEAT/HOT WATER,5764
2024-11-10,NOISE - RESIDENTIAL,5879
2024-11-10,NOISE - STREET/SIDEWALK,2490
2024-11-10,RODENT,614
2024-11-17,HEAT/HOT WATER,11870
2024-11-17,NOISE - RESIDENTIAL,5777
2024-11-17,NOISE - STREET/SIDEWALK,1956
2024-11-17,RODENT,599
2024-11-24,HEAT/HOT WATER,10234
2024-11-24,NOISE - RESIDENTIAL,14367
2024-11-24,NOISE - STREET/SIDEWALK,1757
2024-11-24,RODENT,573
2024-12-01,HEAT/HOT WATER,11893
2024-12-01,NOISE - RESIDENTIAL,8795
2024-12-01,NOISE - STREET/SIDEWALK,1452
2024-12-01,RODENT,441
2024-12-08,HEAT/HOT WATER,17158
2024-12-08,NOISE - RESIDENTIAL,5693
2024-12-08,NOISE - STREET/SIDEWALK,1110
2024-12-08,RODENT,453
2024-12-15,HEAT/HOT WATER,12771
2024-12-15,NOISE - RESIDENTIAL,7946
2024-12-15,NOISE - STREET/SIDEWALK,1151
2024-12-15,RODENT,474
2024-12-22,HEAT/HOT WATER,13492
2024-12-22,NOISE - RESIDENTIAL,14422
2024-12-22,NOISE - STREET/SIDEWALK,926
2024-12-22,RODENT,446
2024-12-29,HEAT/HOT WATER,14767
2024-12-29,NOISE - RESIDENTIAL,10866
2024-12-29,NOISE - STREET/SIDEWALK,1054
2024-12-29,RODENT,319
2025-01-05,HEAT/HOT WATER,10631
2025-01-05,NOISE - RESIDENTIAL,29873
2025-01-05,NOISE - STREET/SIDEWALK,1419
2025-01-05,RODENT,418
2025-01-12,HEAT/HOT WATER,18481
2025-01-12,NOISE - RESIDENTIAL,27721
2025-01-12,NOISE - STREET/SIDEWALK,739
2025-01-12,RODENT,473
2025-01-19,HEAT/HOT WATER,12118
2025-01-19,NOISE - RESIDENTIAL,8805
2025-01-19,NOISE - STREET/SIDEWALK,870
2025-01-19,RODENT,527
2025-01-26,HEAT/HOT WATER,21299
2025-01-26,NOISE - RESIDENTIAL,8367
2025-01-26,NOISE - STREET/SIDEWALK,612
2025-01-26,RODENT,458
2025-02-02,HEAT/HOT WATER,9885
2025-02-02,NOISE - RESIDENTIAL,5830
2025-02-02,NOISE - STREET/SIDEWALK,942
2025-02-02,RODENT,532
2025-02-09,HEAT/HOT WATER,9804
2025-02-09,NOISE - RESIDENTIAL,6543
2025-02-09,NOISE - STREET/SIDEWALK,982
2025-02-09,RODENT,505
2025-02-16,HEAT/HOT WATER,9670
2025-02-16,NOISE - RESIDENTIAL,5561
2025-02-16,NOISE - STREET/SIDEWALK,808
2025-02-16,RODENT,461
2025-02-23,HEAT/HOT WATER,13455
2025-02-23,NOISE - RESIDENTIAL,9091
2025-02-23,NOISE - STREET/SIDEWALK,832
2025-02-23,RODENT,528
2025-03-02,HEAT/HOT WATER,7070
2025-03-02,NOISE - RESIDENTIAL,5567
2025-03-02,NOISE - STREET/SIDEWALK,1346
2025-03-02,RODENT,611
2025-03-09,HEAT/HOT WATER,6960
2025-03-09,NOISE - RESIDENTIAL,7063
2025-03-09,NOISE - STREET/SIDEWALK,1075
2025-03-09,RODENT,608
2025-03-16,HEAT/HOT WATER,5038
2025-03-16,NOISE - RESIDENTIAL,6785
2025-03-16,NOISE - STREET/SIDEWALK,2156
2025-03-16,RODENT,699
2025-03-23,HEAT/HOT WATER,6031
2025-03-23,NOISE - RESIDENTIAL,5828
2025-03-23,NOISE - STREET/SIDEWALK,1991
2025-03-23,RODENT,722
2025-03-30,HEAT/HOT WATER,5103
2025-03-30,NOISE - RESIDENTIAL,6390
2025-03-30,NOISE - STREET/SIDEWALK,2432
2025-03-30,RODENT,633
2025-04-06,HEAT/HOT WATER,4481
2025-04-06,NOISE - RESIDENTIAL,5954
2025-04-06,NOISE - STREET/SIDEWALK,2361
2025-04-06,RODENT,628
2025-04-13,HEAT/HOT WATER,6574
2025-04-13,NOISE - RESIDENTIAL,5728
2025-04-13,NOISE - STREET/SIDEWALK,1493
2025-04-13,RODENT,636
2025-04-20,HEAT/HOT WATER,3247
2025-04-20,NOISE - RESIDENTIAL,8437
2025-04-20,NOISE - STREET/SIDEWALK,4277
2025-04-20,RODENT,656
2025-04-27,HEAT/HOT WATER,2208
2025-04-27,NOISE - RESIDENTIAL,6406
2025-04-27,NOISE - STREET/SIDEWALK,3877
2025-04-27,RODENT,738
2025-05-04,HEAT/HOT WATER,1407
2025-05-04,NOISE - RESIDENTIAL,6894
2025-05-04,NOISE - STREET/SIDEWALK,5066
2025-05-04,RODENT,755
2025-05-11,HEAT/HOT WATER,1329
2025-05-11,NOISE - RESIDENTIAL,7765
2025-05-11,NOISE - STREET/SIDEWALK,4828
2025-05-11,RODENT,752
2025-05-18,HEAT/HOT WATER,1211
2025-05-18,NOISE - RESIDENTIAL,7169
2025-05-18,NOISE - STREET/SIDEWALK,5203
2025-05-18,RODENT,828
2025-05-25,HEAT/HOT WATER,3107
2025-05-25,NOISE - RESIDENTIAL,6958
2025-05-25,NOISE - STREET/SIDEWALK,3449
2025-05-25,RODENT,656
2025-06-01,HEAT/HOT WATER,1341
2025-06-01,NOISE - RESIDENTIAL,7881
2025-06-01,NOISE - STREET/SIDEWALK,5166
2025-06-01,RODENT,800
2025-06-08,HEAT/HOT WATER,1132
2025-06-08,NOISE - RESIDENTIAL,7151
2025-06-08,NOISE - STREET/SIDEWALK,5841
2025-06-08,RODENT,836
2025-06-15,HEAT/HOT WATER,876
2025-06-15,NOISE - RESIDENTIAL,7312
2025-06-15,NOISE - STREET/SIDEWALK,4985
2025-06-15,RODENT,891
2025-06-22,HEAT/HOT WATER,743
2025-06-22,NOISE - RESIDENTIAL,7027
2025-06-22,NOISE - STREET/SIDEWALK,5608
2025-06-22,RODENT,858
2025-06-29,HEAT/HOT WATER,1175
2025-06-29,NOISE - RESIDENTIAL,6042
2025-06-29,NOISE - STREET/SIDEWALK,5944
2025-06-29,RODENT,850
2025-07-06,HEAT/HOT WATER,689
2025-07-06,NOISE - RESIDENTIAL,6678
2025-07-06,NOISE - STREET/SIDEWALK,6692
2025-07-06,RODENT,792
2025-07-13,HEAT/HOT WATER,661
2025-07-13,NOISE - RESIDENTIAL,5523
2025-07-13,NOISE - STREET/SIDEWALK,4867
2025-07-13,RODENT,850
2025-07-20,HEAT/HOT WATER,692
2025-07-20,NOISE - RESIDENTIAL,5852
2025-07-20,NOISE - STREET/SIDEWALK,4919
2025-07-20,RODENT,849
2025-07-27,HEAT/HOT WATER,681
2025-07-27,NOISE - RESIDENTIAL,6895
2025-07-27,NOISE - STREET/SIDEWALK,5727
2025-07-27,RODENT,794
2025-08-03,HEAT/HOT WATER,652
2025-08-03,NOISE - RESIDENTIAL,7060
2025-08-03,NOISE - STREET/SIDEWALK,5350
2025-08-03,RODENT,795
2025-08-10,HEAT/HOT WATER,588
2025-08-10,NOISE - RESIDENTIAL,6913
2025-08-10,NOISE - STREET/SIDEWALK,5650
2025-08-10,RODENT,778
2025-08-17,HEAT/HOT WATER,620
2025-08-17,NOISE - RESIDENTIAL,5956
2025-08-17,NOISE - STREET/SIDEWALK,4770
2025-08-17,RODENT,776
2025-08-24,HEAT/HOT WATER,695
2025-08-24,NOISE - RESIDENTIAL,7170
2025-08-24,NOISE - STREET/SIDEWALK,5491
2025-08-24,RODENT,787
2025-08-31,HEAT/HOT WATER,785
2025-08-31,NOISE - RESIDENTIAL,7998
2025-08-31,NOISE - STREET/SIDEWALK,5635
2025-08-31,RODENT,751
2025-09-07,HEAT/HOT WATER,833
2025-09-07,NOISE - RESIDENTIAL,7061
2025-09-07,NOISE - STREET/SIDEWALK,4776
2025-09-07,RODENT,770
2025-09-14,HEAT/HOT WATER,765
2025-09-14,NOISE - RESIDENTIAL,7525
2025-09-14,NOISE - STREET/SIDEWALK,5104
2025-09-14,RODENT,801
2025-09-21,HEAT/HOT WATER,849
2025-09-21,NOISE - RESIDENTIAL,9011
2025-09-21,NOISE - STREET/SIDEWALK,4766
2025-09-21,RODENT,532
2025-09-28,HEAT/HOT WATER,875
2025-09-28,NOISE - RESIDENTIAL,10644
2025-09-28,NOISE - STREET/SIDEWALK,4172
2025-09-28,RODENT,514
2025-10-05,HEAT/HOT WATER,1246
2025-10-05,NOISE - RESIDENTIAL,9351
2025-10-05,NOISE - STREET/SIDEWALK,4678
2025-10-05,RODENT,492
2025-10-12,HEAT/HOT WATER,3109
2025-10-12,NOISE - RESIDENTIAL,13293
2025-10-12,NOISE - STREET/SIDEWALK,3149
2025-10-12,RODENT,487
2025-10-19,HEAT/HOT WATER,9422
2025-10-19,NOISE - RESIDENTIAL,13702
2025-10-19,NOISE - STREET/SIDEWALK,3771
2025-10-19,RODENT,431
2025-10-26,HEAT/HOT WATER,8731
2025-10-26,NOISE - RESIDENTIAL,10626
2025-10-26,NOISE - STREET/SIDEWALK,3346
2025-10-26,RODENT,423
2025-11-02,HEAT/HOT WATER,12211
2025-11-02,NOISE - RESIDENTIAL,7614
2025-11-02,NOISE - STREET/SIDEWALK,2842
2025-11-02,RODENT,315
2025-11-09,HEAT/HOT WATER,8789
2025-11-09,NOISE - RESIDENTIAL,7128
2025-11-09,NOISE - STREET/SIDEWALK,3070
2025-11-09,RODENT,370
2025-11-16,HEAT/HOT WATER,14818
2025-11-16,NOISE - RESIDENTIAL,9443
2025-11-16,NOISE - STREET/SIDEWALK,2081
2025-11-16,RODENT,344
2025-11-23,HEAT/HOT WATER,11369
2025-11-23,NOISE - RESIDENTIAL,7993
2025-11-23,NOISE - STREET/SIDEWALK,2135
2025-11-23,RODENT,343
2025-11-30,HEAT/HOT WATER,10382
2025-11-30,NOISE - RESIDENTIAL,15861
2025-11-30,NOISE - STREET/SIDEWALK,1452
2025-11-30,RODENT,252
2025-12-07,HEAT/HOT WATER,15615
2025-12-07,NOISE - RESIDENTIAL,19877
2025-12-07,NOISE - STREET/SIDEWALK,1206
2025-12-07,RODENT,348
2025-12-14,HEAT/HOT WATER,17015
2025-12-14,NOISE - RESIDENTIAL,19269
2025-12-14,NOISE - STREET/SIDEWALK,1032
2025-12-14,RODENT,249
2025-12-21,HEAT/HOT WATER,13174
2025-12-21,NOISE - RESIDENTIAL,8972
2025-12-21,NOISE - STREET/SIDEWALK,1143
2025-12-21,RODENT,231
2025-12-28,HEAT/HOT WATER,12026
2025-12-28,NOISE - RESIDENTIAL,6622
2025-12-28,NOISE - STREET/SIDEWALK,1019
2025-12-28,RODENT,196
2026-01-04,HEAT/HOT WATER,15263
2026-01-04,NOISE - RESIDENTIAL,6960
2026-01-04,NOISE - STREET/SIDEWALK,1118
2026-01-04,RODENT,243
2026-01-11,HEAT/HOT WATER,9539
2026-01-11,NOISE - RESIDENTIAL,6351
2026-01-11,NOISE - STREET/SIDEWALK,1320
2026-01-11,RODENT,395
2026-01-18,HEAT/HOT WATER,10832
2026-01-18,NOISE - RESIDENTIAL,6226
2026-01-18,NOISE - STREET/SIDEWALK,1100
2026-01-18,RODENT,352
2026-01-25,HEAT/HOT WATER,24326
2026-01-25,NOISE - RESIDENTIAL,6502
2026-01-25,NOISE - STREET/SIDEWALK,812
2026-01-25,RODENT,279
2026-02-01,HEAT/HOT WATER,30728
2026-02-01,NOISE - RESIDENTIAL,6446
2026-02-01,NOISE - STREET/SIDEWALK,550
2026-02-01,RODENT,203
2026-02-08,HEAT/HOT WATER,22304
2026-02-08,NOISE - RESIDENTIAL,6559
2026-02-08,NOISE - STREET/SIDEWALK,661
2026-02-08,RODENT,251
2026-02-15,HEAT/HOT WATER,13908
2026-02-15,NOISE - RESIDENTIAL,6608
2026-02-15,NOISE - STREET/SIDEWALK,1065
2026-02-15,RODENT,281
2026-02-22,HEAT/HOT WATER,9491
2026-02-22,NOISE - RESIDENTIAL,7060
2026-02-22,NOISE - STREET/SIDEWALK,1261
2026-02-22,RODENT,386
2026-03-01,HEAT/HOT WATER,9766
2026-03-01,NOISE - RESIDENTIAL,6768
2026-03-01,NOISE - STREET/SIDEWALK,1313
2026-03-01,RODENT,276
2026-03-08,HEAT/HOT WATER,7981
2026-03-08,NOISE - RESIDENTIAL,7148
2026-03-08,NOISE - STREET/SIDEWALK,2339
2026-03-08,RODENT,481
2026-03-15,HEAT/HOT WATER,6380
2026-03-15,NOISE - RESIDENTIAL,8085
2026-03-15,NOISE - STREET/SIDEWALK,2867
2026-03-15,RODENT,546
2026-03-22,HEAT/HOT WATER,6871
2026-03-22,NOISE - RESIDENTIAL,6902
2026-03-22,NOISE - STREET/SIDEWALK,2075
2026-03-22,RODENT,444
2026-03-29,HEAT/HOT WATER,6446
2026-03-29,NOISE - RESIDENTIAL,6887
2026-03-29,NOISE - STREET/SIDEWALK,2241
2026-03-29,RODENT,406
2026-04-05,HEAT/HOT WATER,4258
2026-04-05,NOISE - RESIDENTIAL,6868
2026-04-05,NOISE - STREET/SIDEWALK,3055
2026-04-05,RODENT,488
2026-04-12,NOISE - RESIDENTIAL,132
2026-04-12,NOISE - STREET/SIDEWALK,29
2026-04-12,RODENT,3
